Position,Company,Location,URL
라인프렌즈 2022년 각 부문 수시의 전체 세부 정보,라인프렌즈,서울 용산구,https://kr.indeed.com//rc/clk?jk=1015284880e2ff62&fccid=b6f22bcb6078a2c4&vjs=3
AI분야 경력직의 전체 세부 정보,SK에코플랜트,서울 종로구,https://kr.indeed.com//rc/clk?jk=fd006fbd9b1c4588&fccid=f54fcd41cb25beae&vjs=3
AI 데이터 분석 기반의 디지털 마케팅 전문가의 전체 세부 정보,에스케이텔레콤,서울 중구,https://kr.indeed.com//rc/clk?jk=9f612630a7cf1bfd&fccid=ce2f0f28b40a5be8&vjs=3
클라우드 플랫폼 운영 엔지니어의 전체 세부 정보,NHN Enterprise,성남 판교역,https://kr.indeed.com//rc/clk?jk=40e20a58af1e44ee&fccid=a72ebaf825acf7af&vjs=3
2022년 상반기 백엔드 개발자의 전체 세부 정보,반달소프트,성남 분당구,https://kr.indeed.com//rc/clk?jk=1601f1bfe3302af5&fccid=f35f7fc5e918087a&vjs=3
Data Scientist의 전체 세부 정보,한국아이비엠,서울 영등포구,https://kr.indeed.com//rc/clk?jk=55d24724e542048c&fccid=6a140d57f361e18b&vjs=3
[인텔리전스랩스] 데이터 분석가 (게임/서비스 밸류에이션)의 전체 세부 정보,Nexon,경기도 성남,https://kr.indeed.com//rc/clk?jk=b52414f39cfeecda&fccid=aba87288e4cc3687&vjs=3
AI Researcher의 전체 세부 정보,크래프트테크놀로지스,서울 영등포구,https://kr.indeed.com//rc/clk?jk=43dd12c5e6492b5e&fccid=2775f62c77fd9b9e&vjs=3
PYTHON / SQLD 개발자 (신입·경력)의 전체 세부 정보,칸테크,서울 금천구,https://kr.indeed.com//rc/clk?jk=7e6941a16bbfc20e&fccid=40a33a8b063b3055&vjs=3
빅데이터  Python 외 신입/경력 정규직의 전체 세부 정보,국제도시물정보과학연구원,인천 연수구,https://kr.indeed.com//rc/clk?jk=abd6851cae93aec5&fccid=eb72b76e34326786&vjs=3
일본근무: 【일본 전국】 소프트웨어 설계직 채용 (자동차·가전·반도체 제조장치 등) ※미경험자 & 한국 거주자 지원 가능의 전체 세부 정보,kedomo,대한민국,https://kr.indeed.com//pagead/clk?mo=r&ad=-6NYlbfkN0B-SzVzcMNp7ghL5RaydYiGdeqAJ2PCAvphAKLXS-AodfmP8wxXYep63CtD-TnzRd3IgIdsm0k8UEoy5_K4RUlU-cb77munH51Zdgg8RJlYf2jL3rGHsXYONqZKFGvhPpRPVQr8L4-3IJsZoL1aYpWkqfbzi83z4PfuPUXNk1C6pz_MU-mF83tR_--sqXUh3hUma_bnuDQAM84RaNLbYQRo5UmXz4eXLzdFdOes929CAf8DU0VY5WFh9EA8tlujncENwvB83T2now0rVw0RTVrWilj_aunH4_jwzsEzq4JNoqaEtFVivHd2jiqiS3uTUfQu-Id-rtCdTujkOGoBi268jbvxlAj2fYgdtbPRJW1Ddwtng6rulB8P6zAd8HLyOmsNKyCq1-jQXF152i4SoEupeCZiWnDPklSIYm117Z_msNYv7CdkzC3L5lIkYty9S1GMrUN29Nvu5T4rukBmHUDv1sDOiUu4QVbB0RAjJ1vt18q3ImJm3J8ATqhimlRGtiPkzm4KPsgGn52uwt6mmAtwXCSkEnxZOz2cCxpmjMRiYSopmNJfZfzUutzcpH_EhNNUurCVWQXwOHLjJPGeblygwFm5jO0U9TlaQD0xP2kkGg1ra5cGuMJ8rThZx80ziQuDSbS88xkL7yCX6TbNBVbG8JlZJqwF52l7GVxBdhZrxlw-2o7pwbMIy-P9pzXz1tGlj-pd43XU0TjVUyqzRjWm8odxh-nVOZw58F_CoVS2Kr3raOf_Q7jEcXMd1E6uztQP2C2F6K-BpxplslkPK3fmvDeG5o1Sxya4f8ITvzI5Y6aI7i9f8FyOa892JL9xsQq7ZJLQuGh62VcXvsd5Ki3xubvLwPoe9DcLquGO7_zYyHKG2pTmOZQp4lWrhZdnHvr8MTVUmHsm15zApZsiORqw1G5xfuV11uIY0wjg4ehiiBrACEXZBI0DjT4wuL31XiExbVJEh-vuOdfz3ODnC5Da1qAEy8xOOAQmubWKuhosanziWtb2pNSNYhqtM2VTNkuerBZesI_DaB6vzj2iml1EJ5HV_NNZ1Mc3ACGB882zeVjkao3dKRHHzDcwkDGlDtH-rG_HGhyhfPdwCqAUIYCUIoCOcV0AxxQFJAMs44k3SFh-num_MBCEHk69vvlxC9YotU-yP_0T7iZwyP1OvNCoTk-K2ddvH5OmxrIjS9z25C9y2etVIGUKuQA5BKwC7SAd7ldQIKfPo_MouamcfTO8s2IUsK9MsHfgKWmD_FMoVbfnxOqiKe8X_mUozo8gI5UkXgWcrcTDI7QjJcDa0q9QGbhpS9idv68cb0edJl7bA2UYWwlEQLidFRaEsy5hixLe0O-XKFrCgQ==&xkcb=SoDj-_M3VN9G_bxBWB0AbzkdCdPP&p=10&fvj=1&vjs=3
IT부문 신입/경력 직원 수시의 전체 세부 정보,한국전자금융,서울 마포구,https://kr.indeed.com//rc/clk?jk=5179fa6854eda515&fccid=05b9e3e68be655f0&vjs=3
Digital Human 을 위한 AI 연구자/엔지니어 모집의 전체 세부 정보,엔씨소프트,성남 판교역,https://kr.indeed.com//rc/clk?jk=5288a5c69a3b3df4&fccid=a1e4e21b1f33cf40&vjs=3
[Data] 데이터웨어하우스 운영 담당자의 전체 세부 정보,한국카카오은행,성남 분당구,https://kr.indeed.com//rc/clk?jk=99f478ced2075731&fccid=aea6a13a3459fdb2&vjs=3
[클라우드시스템엔지니어링] 시스템 엔지니어 영입의 전체 세부 정보,카카오엔터프라이즈,성남 분당구,https://kr.indeed.com//rc/clk?jk=64cf858fd8d27c42&fccid=e19aa33fc391b310&vjs=3
[Applied AI] 데이터 파이프라인 개발자 모집의 전체 세부 정보,엔씨소프트,성남 판교역,https://kr.indeed.com//rc/clk?jk=7bf73b096826a9eb&fccid=a1e4e21b1f33cf40&vjs=3
[선행기술원] Quantum Information - 양자 알고리즘[책임연구원]의 전체 세부 정보,현대자동차그룹,성남 판교역,https://kr.indeed.com//rc/clk?jk=95bead20034b3ade&fccid=980d6ecc399a3373&vjs=3
페이코 데이터 사이언티스트의 전체 세부 정보,NHN,성남 판교역,https://kr.indeed.com//rc/clk?jk=91599c97ad418418&fccid=a72ebaf825acf7af&vjs=3
[Data] 데이터 엔지니어 (플랫폼)의 전체 세부 정보,한국카카오은행,성남 분당구,https://kr.indeed.com//rc/clk?jk=844ed2720a0bc769&fccid=aea6a13a3459fdb2&vjs=3
[NICE페이먼츠] 22년 신입/경력 상시의 전체 세부 정보,나이스페이먼츠,서울 마포구,https://kr.indeed.com//rc/clk?jk=a07969e108fd0445&fccid=6df96dee14918ee8&vjs=3
자율 주행  로봇 SW 개발자의 전체 세부 정보,에바,성남 수정구,https://kr.indeed.com//rc/clk?jk=e30fe92d72ceb17c&fccid=5cc87f5890bd7170&vjs=3
딥러닝 AI 개발 연구원의 전체 세부 정보,베이리스,성남 수정구,https://kr.indeed.com//rc/clk?jk=87309d3ff40ead61&fccid=ce871e9e4a9f430a&vjs=3
개발자 (연봉 4 000 ~ 5 000 협의)의 전체 세부 정보,볼트시뮬레이션,서울 서초구,https://kr.indeed.com//rc/clk?jk=61f60099aa6c9fc7&fccid=6661b32a113bc270&vjs=3
레드팀 스페셜리스트[경력]의 전체 세부 정보,현대자동차그룹,서울 강남구,https://kr.indeed.com//rc/clk?jk=85cbd6cbf5702bf1&fccid=980d6ecc399a3373&vjs=3
[Data] 분석 데이터 엔지니어의 전체 세부 정보,한국카카오은행,성남 분당구,https://kr.indeed.com//rc/clk?jk=76ee838e234dfdac&fccid=aea6a13a3459fdb2&vjs=3
백엔드 엔지니어 (Python/Javascript)의 전체 세부 정보,시스메틱,서울 영등포구,https://kr.indeed.com//rc/clk?jk=dc4b5e342e7ae6a0&fccid=6cc748c560420a2e&vjs=3
[네이버계열사][NIT Service] 네이버 파이낸셜 플랫폼 운영의 전체 세부 정보,엔아이티서비스,성남 분당구,https://kr.indeed.com//rc/clk?jk=e19fb1c3800e2abc&fccid=d389f1042b660837&vjs=3
Data Scientist의 전체 세부 정보,Toss,서울,https://kr.indeed.com//rc/clk?jk=9cb8324539546a71&fccid=18c4935c8ec646d5&vjs=3
Python Programmer의 전체 세부 정보,Mofac,서울 서초구,https://kr.indeed.com//rc/clk?jk=df21e3bb5d773616&fccid=6cddb172d498d15c&vjs=3
IT 인프라 운영 도구 개발의 전체 세부 정보,NHN Cloud,성남 판교역,https://kr.indeed.com//rc/clk?jk=ba6a0ebb6ad9cd18&fccid=a72ebaf825acf7af&vjs=3
일진씨앤에스 부문별의 전체 세부 정보,일진씨앤에스,서울 마포구,https://kr.indeed.com//rc/clk?jk=f91ebe4b632bd19a&fccid=9fa76e840cc90bc6&vjs=3
(3200만이상/분당)만도연구소 소프트웨어 개발/검증 연구보조의 전체 세부 정보,휴먼앤,성남 분당구,https://kr.indeed.com//rc/clk?jk=84610059d3552ef1&fccid=9e33daf2a0f7b19b&vjs=3
추천 시스템 연구/개발의 전체 세부 정보,카카오,성남 판교역,https://kr.indeed.com//rc/clk?jk=be6c1f03fa566f8e&fccid=2952458d506281b4&vjs=3
[데브시스터즈] Data Analyst (Junior)의 전체 세부 정보,데브시스터즈,서울 강남구,https://kr.indeed.com//rc/clk?jk=ed5cc140dc878d55&fccid=58a9a803698a0afd&vjs=3
AI 비전엔지니어부문 인재의 전체 세부 정보,신세계아이앤씨,서울 중구,https://kr.indeed.com//rc/clk?jk=7fdb743a06f60d24&fccid=7009e9adee12ff99&vjs=3
[외국계 스타트업 미소] Business Analyst Intern (정규직 전환형)의 전체 세부 정보,유한회사 미소,서울,https://kr.indeed.com//rc/clk?jk=4c25d6649f8434a8&fccid=02936474a8d39137&vjs=3
셀프 인테리어 위한 AI 플랫폼 서비스 개발자의 전체 세부 정보,서르,성남 분당구,https://kr.indeed.com//rc/clk?jk=0a57a69a13126ff5&fccid=07eadb4558c294cb&vjs=3
[선행기술원] Machine Learning[책임연구원]의 전체 세부 정보,현대자동차그룹,성남 판교역,https://kr.indeed.com//rc/clk?jk=40e310eda5a03200&fccid=980d6ecc399a3373&vjs=3
[2023 전문연구요원] AI R&D-Language AI의 전체 세부 정보,엔씨소프트,성남 판교역,https://kr.indeed.com//rc/clk?jk=7da87f6985949b06&fccid=a1e4e21b1f33cf40&vjs=3
연구소 R&D 인프라 운영의 전체 세부 정보,안랩,성남 분당구,https://kr.indeed.com//rc/clk?jk=a29417437cee6d1b&fccid=0b88b2af6686dd2b&vjs=3
2022년 상반기 주식회사 쏘마 전 개발 직군 (백엔드  프론트엔드 외 신입/경력 정규직)의 전체 세부 정보,쏘마,성남 분당구,https://kr.indeed.com//rc/clk?jk=13ef6f86810c0843&fccid=a3463f311ce6421e&vjs=3
빅데이터  데이터분석 외 신입/경력 인턴의 전체 세부 정보,레드테이블,서울 중구,https://kr.indeed.com//rc/clk?jk=4ccea14b4d592c8b&fccid=ace798f3c93e0fc7&vjs=3
모바일 운영서비스 빌드/배포/테스트 자동화 개발자의 전체 세부 정보,브롤브,서울 마포구,https://kr.indeed.com//rc/clk?jk=8d8becaac19b958f&fccid=afec38da7bea35e0&vjs=3
(인천 송도) 인공지능(AI)분야 Python 개발 인력 구인의 전체 세부 정보,주식회사 애나 관심기업,인천 송도동,https://kr.indeed.com//rc/clk?jk=c0fb9320f68bb3e7&fccid=2f6f10515ebbc33c&vjs=3
[글로벌보안본부] 정보보안 담당자의 전체 세부 정보,Nexon,경기도 성남,https://kr.indeed.com//rc/clk?jk=e372fd6147cb340e&fccid=aba87288e4cc3687&vjs=3
오픈소스 쿠버네티스 교육 전임강사 인재의 전체 세부 정보,오에스씨코리아,서울 서초구,https://kr.indeed.com//rc/clk?jk=83cd4d7dd770de0e&fccid=0e2bbee08786c079&vjs=3
Business Analyst (데이터 분석가)의 전체 세부 정보,힐링페이퍼,서울 강남구,https://kr.indeed.com//rc/clk?jk=c78633471307d0dc&fccid=674cf8ae9dea63c2&vjs=3
[경기지역 우수중소기업 온라인 박람회]의 전체 세부 정보,넷믹스,성남 분당구,https://kr.indeed.com//rc/clk?jk=9144817ca6d5abb5&fccid=5b90b8565ebcbbca&vjs=3
[Cloud] 클라우드 엔지니어의 전체 세부 정보,한국카카오은행,성남 분당구,https://kr.indeed.com//rc/clk?jk=1f8ef233576a62da&fccid=aea6a13a3459fdb2&vjs=3
[배달로봇 및 자율자동차] 펌웨어 및 SW개발 엔지니어 C++ /Python의 전체 세부 정보,mobilio,성남 판교동,https://kr.indeed.com//company/Mobilio/jobs/%ED%8E%8C%EC%9B%A8%EC%96%B4-%EB%B0%8F-Sw%EA%B0%9C%EB%B0%9C-%EC%97%94%EC%A7%80%EB%8B%88%EC%96%B4-C-2cbf34d49e21e42f?fccid=12cf3454520ecc81&vjs=3
Python 서버 어플리케이션 개발자의 전체 세부 정보,바인테크,서울 송파구,https://kr.indeed.com//rc/clk?jk=8a7c4886df34e482&fccid=aef44811e748bebe&vjs=3
전문연구요원 (병역특례) 수시 (AI / HW 분야)의 전체 세부 정보,딥엑스,성남 분당구,https://kr.indeed.com//rc/clk?jk=78e99625e5de3c95&fccid=e34932b8232a173b&vjs=3
현대모비스 채용연계형 SW아카데미 2기 교육생 모집[신입/ 경력]의 전체 세부 정보,현대자동차그룹,대한민국,https://kr.indeed.com//rc/clk?jk=c8f166e4f69b253a&fccid=980d6ecc399a3373&vjs=3
[ICT-VCS랩] 차량보안_Vehicle Cybersecurity (신입)[연구원]의 전체 세부 정보,현대자동차그룹,성남 판교역,https://kr.indeed.com//rc/clk?jk=e9dde247a0106af2&fccid=980d6ecc399a3373&vjs=3
[2023 전문연구요원] Programming - 게임 엔진 개발의 전체 세부 정보,엔씨소프트,성남 판교역,https://kr.indeed.com//rc/clk?jk=e2ed0d2e4f66b139&fccid=a1e4e21b1f33cf40&vjs=3
English Data Linguist for AI Startup의 전체 세부 정보,MIND AI INC,서울 중구,https://kr.indeed.com//company/JNP-LAB/jobs/English-Data-Linguist-Ai-Startup-6838a87dfaacc92f?fccid=5cde252d550394d2&vjs=3
Field Application Engineer Quantum Technology - South Korea의 전체 세부 정보,Zurich Instruments,대전,https://kr.indeed.com//company/Zurich-Instruments-AG/jobs/Field-Application-Engineer-Quantum-Technology-54913881573712be?fccid=dade6608164f7791&vjs=3
풀스택 개발자 (python  javascript  php  gis)의 전체 세부 정보,한국해양기상기술,서울 구로구,https://kr.indeed.com//rc/clk?jk=0efbb31d10aed4bd&fccid=9a116f00e73f6791&vjs=3
[카카오커머스] 기술직군의 전체 세부 정보,카카오커머스,성남 분당구,https://kr.indeed.com//rc/clk?jk=2b9e604e63e7e46d&fccid=b1f5de6cae96f6c2&vjs=3
GAMMA Data Scientist의 전체 세부 정보,Boston Consulting Group,서울,https://kr.indeed.com//rc/clk?jk=454b092c4e6301f5&fccid=b95f9eb47968fa13&vjs=3
AI Scientist의 전체 세부 정보,MIND AI,서울 중구,https://kr.indeed.com//company/JNP-LAB/jobs/Ai-Scientist-20439d88953076f5?fccid=5cde252d550394d2&vjs=3
Data Scientist (데이터 분석)의 전체 세부 정보,버드뷰,서울 서초구,https://kr.indeed.com//rc/clk?jk=8234298da974db55&fccid=ab4d16fa7d63885d&vjs=3
웹개발  프론트엔드 신입/경력 계약직의 전체 세부 정보,뮤레파코리아,성남 수정구,https://kr.indeed.com//rc/clk?jk=f498a784c28d03bb&fccid=5fc71e9cbda0dfc6&vjs=3
Application 개발의 전체 세부 정보,(주)다이렉트클라우드랩,서울,https://kr.indeed.com//company/(%EC%A3%BC)%EB%8B%A4%EC%9D%B4%EB%A0%89%ED%8A%B8%ED%81%B4%EB%9D%BC%EC%9A%B0%EB%93%9C%EB%9E%A9/jobs/Application-%EA%B0%9C%EB%B0%9C-3d78b67e0d8c93ba?fccid=f0420474cbfc47bd&vjs=3
Lighthouse 인턴 채용의 전체 세부 정보,삼정 KPMG,서울 강남구,https://kr.indeed.com//rc/clk?jk=577dd792f6217346&fccid=7651bf7c7525e8f6&vjs=3
[신입]백엔드 개발자의 전체 세부 정보,엘리스,서울 강남구,https://kr.indeed.com//rc/clk?jk=6b5d1196de52155f&fccid=b00d4b329a5fe2ac&vjs=3
[카카오 자회사] 풀스택 개발자 (프로젝트 관리 시스템 PMS 구축)의 전체 세부 정보,키위바인,서울 금천구,https://kr.indeed.com//rc/clk?jk=1161d3dee291c483&fccid=1b81a44dfd0a0c1e&vjs=3
INTERN / AI Research Intern(Biology)의 전체 세부 정보,카카오브레인,성남 분당구,https://kr.indeed.com//rc/clk?jk=4c8d6ffc493b6509&fccid=cba3dd38afc6edb8&vjs=3
[TaaS] Data Scientist[연구원  책임연구원]의 전체 세부 정보,현대자동차그룹,서울 강남구,https://kr.indeed.com//rc/clk?jk=67b03ffab1c536ba&fccid=980d6ecc399a3373&vjs=3
OpenCV/MATLAB/TensorFlow/Python/C/C++/Linux 알고리즘 엔지니어의 전체 세부 정보,더마미러,서울 서초구,https://kr.indeed.com//rc/clk?jk=4121d39504f34871&fccid=f401a9b533c97602&vjs=3
AI(인공지능) 개발자의 전체 세부 정보,휴먼디지털,서울,https://kr.indeed.com//rc/clk?jk=d498993697237b33&fccid=796208c8550d9592&vjs=3
사이버보안 대응[매니저  책임매니저]의 전체 세부 정보,현대자동차그룹,대한민국,https://kr.indeed.com//rc/clk?jk=9517141f198fffa0&fccid=980d6ecc399a3373&vjs=3
전문연구요원 (병역특례) 수시 (AI / SW 분야)의 전체 세부 정보,딥엑스,성남 분당구,https://kr.indeed.com//rc/clk?jk=d83fc0dd2641f483&fccid=e34932b8232a173b&vjs=3
Junior Data Scientist의 전체 세부 정보,Logistics Management Institute,서울,https://kr.indeed.com//rc/clk?jk=ffcab40699b79c6b&fccid=12626f295bf6a003&vjs=3
[양재역] AI/빅데이터 데이터분석(석 박사)의 전체 세부 정보,시니어앤파트너즈,서울 서초구,https://kr.indeed.com//rc/clk?jk=7bcc8fda038965e7&fccid=59060ddcdf96b101&vjs=3
Python Developer,Lemon.io,Latin America Only/Europe Only/Canada Only,https://weworkremotely.com/remote-jobs/lemon-io-python-developer-3
Senior Open Source Developer & DevOps (Python  Django  React  AWS/OpenStack),OpenCraft,Anywhere in the World,https://weworkremotely.com/remote-jobs/opencraft-senior-open-source-developer-devops-python-django-react-aws-openstack
Sr Python Developer,Solar Monkey,Anywhere in the World,https://weworkremotely.com/remote-jobs/solar-monkey-sr-python-developer
Senior Python Engineer: Long-term job - 100% remote,Proxify AB,Anywhere in the World,https://weworkremotely.com/remote-jobs/proxify-ab-senior-python-engineer-long-term-job-100-remote
(Senior) Python Full Stack Software Developer,Optimile,Europe Only,https://weworkremotely.com/remote-jobs/optimile-senior-python-full-stack-software-developer
Senior Full-stack Engineer with Python,NannyML,Anywhere in the World,https://weworkremotely.com/remote-jobs/nannyml-senior-full-stack-engineer-with-python
Senior Software Engineer  Python,AssemblyAI (YC 17),Anywhere in the World,https://weworkremotely.com/remote-jobs/assemblyai-yc-17-senior-software-engineer-python
Senior Python Developer - Full Remote ,Ebury,Latin America Only/Europe Only,https://weworkremotely.com/remote-jobs/ebury-senior-python-developer-full-remote-1
Python Developer - Remote,UpStack Technologies  Inc.,Americas Only/Europe Only,https://weworkremotely.com/remote-jobs/upstack-technologies-inc-python-developer-remote
Python Developer,Ampcontrol,USA Only/North America Only/Latin America Only/Americas Only/Europe Only/UK Only/Canada Only,https://weworkremotely.com/remote-jobs/ampcontrol-python-developer
Python Platform Engineer,Doximity,Americas Only,https://weworkremotely.com/remote-jobs/doximity-python-platform-engineer
Software Engineer in Test – Python – Cyprus  Greece or Remote ,XM,Anywhere in the World,https://weworkremotely.com/remote-jobs/xm-software-engineer-in-test-python-cyprus-greece-or-remote
Senior QA Software Test Automation Engineer – Python – Cyprus  Greece  Remote ,XM,Anywhere in the World,https://weworkremotely.com/remote-jobs/xm-senior-qa-software-test-automation-engineer-python-cyprus-greece-remote-3
